{
  "花菜类": [
    0.7143857,
    0.7857143,
    -0.0357143
  ],
  "花叶类": [
    0.4285714,
    4.0,
    -0.2857143
  ],
  "辣椒类": [
    0.1428571,
    2.5714286,
    -0.1428571
  ],
  "茄类": [
    -0.142857,
    0.6428571,
    -0.035714
  ],
  "食用菌": [
    0.7142857,
    1.5714286,
    -0.0714286
  ],
  "水生根茎类": [
    0.4285714,
    0.4857143,
    -0.014286
  ]
}
